{
  "assetsByChunkName": {
    "vendors~app-account~app-confirmation~app-order": [
      "chunk.1af66f290ee7108f1e30.js",
      "chunk.1af66f290ee7108f1e30.js.map"
    ],
    "vendors~app-account~app-checkout": [
      "chunk.5c084e40157d49529eb2.js",
      "chunk.5c084e40157d49529eb2.js.map"
    ],
    "vendors~app-cart~app-checkout": [
      "chunk.d9b0fed10a2636641d99.js",
      "chunk.d9b0fed10a2636641d99.js.map"
    ],
    "admin": [
      "admin.51ffdf8894ef9fc66a80.js",
      "admin.51ffdf8894ef9fc66a80.js.map"
    ],
    "app-account": [
      "chunk.5756168f47597ee13ea9.js",
      "chunk.5756168f47597ee13ea9.js.map"
    ],
    "app-cart": [
      "chunk.be9ebc2cca85b000b58c.js",
      "chunk.be9ebc2cca85b000b58c.js.map"
    ],
    "app-confirmation": [
      "chunk.811cc893c50200c816af.js",
      "chunk.811cc893c50200c816af.js.map"
    ],
    "app-order": [
      "chunk.bf9d77bab11c2492a371.js",
      "chunk.bf9d77bab11c2492a371.js.map"
    ],
    "checkout": [
      "checkout.baec751ae0a1d999c87f.js",
      "checkout.baec751ae0a1d999c87f.js.map"
    ],
    "storefront": [
      "storefront.435fa0ce06eb5f3e7e6b.css",
      "storefront.9d6de5de399380dd2288.js",
      "storefront.435fa0ce06eb5f3e7e6b.css.map",
      "storefront.9d6de5de399380dd2288.js.map"
    ],
    "vendors~app-checkout": [
      "chunk.4c3367c2f6f687b9c07e.js",
      "chunk.4c3367c2f6f687b9c07e.js.map"
    ]
  }
}